record_id,entry_type,authors,year,title,journal,doi,pmid,Reviewer1_Decision,Reviewer1_Reason,Reviewer2_Decision,Reviewer2_Reason,Final_Decision,Exclusion_Code
Silvestrini2019effort,article,"Silvestrini N et al.",2019,"Anticipated, experienced, and remembered subjective effort and discomfort on sustained attention versus working memory tasks",PLOS ONE,10.1371/journal.pone.0222081,31522029,INCLUDE,Directly measures subjective effort and discomfort during sustained cognitive tasks,INCLUDE,Core topic - somatic discomfort during cognitive effort,INCLUDE,
Pattyn2018peakend,article,"Pattyn N et al.",2018,Mental effort and discomfort: Testing the peak-end effect during a cognitively demanding task,Motivation and Emotion,10.1007/s11031-018-9686-z,29432429,INCLUDE,Directly tests discomfort experience during cognitively demanding task,INCLUDE,Core topic - mental effort and discomfort,INCLUDE,
Gergelyfi2015mental,article,"Gergelyfi M et al.",2015,Dissociation between mental fatigue and motivational state during prolonged mental activity,Frontiers in Behavioral Neuroscience,10.3389/fnbeh.2015.00176,25784862,INCLUDE,Examines mental fatigue during prolonged mental activity,INCLUDE,Relevant to sustained cognitive effort consequences,INCLUDE,
Muller2024engagement,article,"Muller T and Apps MAJ",2024,Engagement of mental effort in response to mental fatigue: A psychophysiological analysis,Psychophysiology,10.1111/psyp.14577,38734281,INCLUDE,Mental effort engagement during fatigue with psychophysiological measures,INCLUDE,Directly relevant to effort allocation during sustained cognition,INCLUDE,
Wascher2022mentalfatigue,article,"Wascher E et al.",2022,The effects of mental fatigue on effort allocation: Modeling and estimation,Psychophysiology,10.1111/psyp.14088,35511531,INCLUDE,Models effort allocation effects of mental fatigue,INCLUDE,Relevant to effort cost mechanisms,INCLUDE,
Hockey2023fatigue,article,"Hockey GRJ",2023,Fatigue and Human Performance: An Updated Framework,Frontiers in Neuroscience,10.3389/fnins.2022.1073114,,INCLUDE,Theoretical framework linking fatigue to performance,INCLUDE,Foundational framework for cognitive effort and fatigue,INCLUDE,
Blain2025mentalfatigue,article,"Blain B et al.",2025,Mental Fatigue Negatively Impacts Cognitive and Physical Performance Outcomes,Medicine and Science in Sports and Exercise,,40938104,INCLUDE,Large trial on mental fatigue affecting performance,INCLUDE,Consequences of sustained cognitive effort,INCLUDE,
Muller2023computational,article,"Muller T et al.",2023,Computational mechanisms underlying the dynamics of physical and cognitive fatigue,Nature Communications,10.1038/s41467-023-40522-0,37647742,INCLUDE,Computational mechanisms of cognitive fatigue dynamics,INCLUDE,Theoretical framework for effort and fatigue,INCLUDE,
Borragán2017cognitive,article,"Borragán G et al.",2017,Cognitive fatigue: A Time-based Resource-sharing account,Cortex,10.1016/j.cortex.2017.01.023,28237888,INCLUDE,Theoretical account of cognitive fatigue,INCLUDE,Framework connecting cognitive effort to fatigue,INCLUDE,
Wylie2024mentaleffort,article,"Wylie GR and Dobryakova E",2024,What Is Mental Effort: A Clinical Perspective,Frontiers in Psychology,10.3389/fpsyg.2024.1318498,38309319,INCLUDE,Defines and characterizes mental effort,MAYBE,Clinical perspective but defines effort broadly,INCLUDE,
Wiehler2022neurometabolic,article,"Wiehler A et al.",2022,A neuro-metabolic account of why daylong cognitive work alters the control of economic decisions,Current Biology,10.1016/j.cub.2022.07.010,35961314,INCLUDE,Glutamate accumulation during sustained cognitive effort,INCLUDE,Core neurometabolic account,INCLUDE,
Blain2023considerations,article,"Blain B and Pessiglione M",2023,Considerations on gradual glutamate accumulation related to cognitive task performance,Cerebral Cortex,10.1093/cercor/bhac467,36369737,INCLUDE,Glutamate accumulation during cognitive tasks,INCLUDE,Neural metabolic consequences,INCLUDE,
Johansson2004glutamate,article,"Johansson B and Ronnback L",2004,On the potential role of glutamate transport in mental fatigue,Journal of Neuroinflammation,10.1186/1742-2094-1-22,15527505,INCLUDE,Foundational theoretical work on glutamate in mental fatigue,INCLUDE,Foundational pre-2010 work on metabolic mechanisms,INCLUDE,
Apsvalka2015fmrs,article,"Apsvalka D et al.",2015,Increase in glutamate/glutamine concentration in the medial prefrontal cortex during mental imagery,Human Brain Mapping,10.1002/hbm.22897,26059006,INCLUDE,MRS evidence of glutamate changes during cognitive task,INCLUDE,Neural metabolic consequences,INCLUDE,
Gavelin2020exhaustion,article,"Gavelin HM et al.",2020,MRS Shows Regionally Increased Glutamate Levels among Patients with Exhaustion Syndrome,Cerebral Cortex,10.1093/cercor/bhz340,32195540,MAYBE,Clinical exhaustion population but relevant metabolic data,MAYBE,Occupational stress population not purely healthy,INCLUDE,
Christie2015cognitive,article,"Christie ST and Schrater P",2015,Cognitive cost as dynamic allocation of energetic resources,Frontiers in Neuroscience,10.3389/fnins.2015.00289,,INCLUDE,Theoretical framework on energetic resource allocation,INCLUDE,Effort cost mechanisms,INCLUDE,
Otto2018plosone,article,"Otto AR et al.",2018,Neural integration of risk effort and time during decision making,PLoS ONE,10.1371/journal.pone.0198204,29782522,MAYBE,Focus on risk-effort-time integration,INCLUDE,Relevant to effort cost and aversion,INCLUDE,
Seth2016active,article,"Seth AK and Friston KJ",2016,Active interoceptive inference and the emotional brain,Philosophical Transactions of the Royal Society B,10.1098/rstb.2016.0007,28080966,INCLUDE,Foundational interoceptive inference framework,INCLUDE,Core predictive processing account,INCLUDE,
Barrett2016allostasis,article,"Barrett LF et al.",2016,An active inference theory of allostasis and interoception in depression,Philosophical Transactions of the Royal Society B,10.1098/rstb.2016.0011,28080969,INCLUDE,Allostatic interoception theory,MAYBE,Depression focus but theory applicable,INCLUDE,
Seth2013interoceptive,article,"Seth AK",2013,"Interoceptive inference, emotion, and the embodied self",Trends in Cognitive Sciences,10.1016/j.tics.2013.09.007,24126130,INCLUDE,Foundational interoceptive inference framework,INCLUDE,Core predictive processing account,INCLUDE,
Ainley2015interoceptive,article,"Barrett LF and Simmons WK",2015,Interoceptive predictions in the brain,Nature Reviews Neuroscience,10.1038/nrn3950,26016744,INCLUDE,Interoceptive prediction framework,INCLUDE,Relevant to interoceptive processing,INCLUDE,
Tschantz2022simulating,article,"Tschantz A et al.",2022,"Simulating homeostatic, allostatic and goal-directed forms of interoceptive control",Biological Psychology,10.1016/j.biopsycho.2022.108266,35051559,INCLUDE,Computational model of interoceptive control,INCLUDE,Relevant predictive processing account,INCLUDE,
Petzschner2021computational,article,"Petzschner FH et al.",2021,Computational Models of Interoception and Body Regulation,Trends in Neurosciences,10.1016/j.tins.2020.09.012,33378658,INCLUDE,Computational models of interoception,INCLUDE,Interoceptive processing frameworks,INCLUDE,
Wolff2019selfcontrol,article,"Wolff M et al.",2019,Self-control is linked to interoceptive inference,Cognition,10.1016/j.cognition.2019.06.013,31330380,INCLUDE,Links self-control to interoceptive inference,INCLUDE,Bridges effort and interoception,INCLUDE,
Stephan2016allostatic,article,"Stephan KE et al.",2016,Allostatic Self-efficacy: A Metacognitive Theory of Dyshomeostasis-Induced Fatigue,Frontiers in Human Neuroscience,10.3389/fnhum.2016.00550,,INCLUDE,Allostatic theory of fatigue,INCLUDE,Core theoretical framework,INCLUDE,
Kurzban2013opportunity,article,"Kurzban R et al.",2013,An opportunity cost model of subjective effort and task performance,Behavioral and Brain Sciences,10.1017/S0140525X12003196,24304775,INCLUDE,Foundational opportunity cost model,INCLUDE,Core theoretical framework,INCLUDE,
Inzlicht2018effortparadox,article,"Inzlicht M et al.",2018,The effort paradox: Effort is both costly and valued,Trends in Cognitive Sciences,10.1016/j.tics.2018.01.007,,INCLUDE,Theoretical framework on effort cost,INCLUDE,Core effort framework,INCLUDE,
Shenhav2013evc,article,"Shenhav A et al.",2013,The expected value of control: an integrative theory of anterior cingulate cortex function,Neuron,10.1016/j.neuron.2013.07.007,23889930,INCLUDE,Foundational EVC theory,INCLUDE,Core framework,INCLUDE,
Shenhav2017evcreview,article,"Shenhav A et al.",2017,Toward a Rational and Mechanistic Account of Mental Effort,Annual Review of Neuroscience,10.1146/annurev-neuro-072116-031526,,INCLUDE,Mechanistic account of mental effort,INCLUDE,Core theoretical framework,INCLUDE,
Shenhav2016daccvalue,article,"Shenhav A et al.",2016,Dorsal anterior cingulate cortex and the value of control,Nature Neuroscience,10.1038/nn.4384,27669989,INCLUDE,dACC and effort allocation,INCLUDE,Neural mechanisms of cognitive effort,INCLUDE,
Yee2022aversive,article,"Yee DM et al.",2022,Aversive motivation and cognitive control,Neuroscience and Biobehavioral Reviews,10.1016/j.neubiorev.2021.12.016,,INCLUDE,Aversive motivation and control,INCLUDE,Why effort feels aversive,INCLUDE,
Massar2018effortdiscounting,article,"Massar SAA et al.",2018,Quantifying the Motivational Effects of Cognitive Fatigue Through Effort-Based Decision Making,Frontiers in Psychology,10.3389/fpsyg.2018.00843,29899717,INCLUDE,Effort discounting under cognitive fatigue,INCLUDE,Motivational effects of sustained effort,INCLUDE,
Hogan2024neurobiology,article,"Hogan PS et al.",2024,The Neurobiology of Cognitive Fatigue and Its Influence on Effort-Based Choice,Neuropsychology Review,10.1007/s11065-024-09638-6,39071329,INCLUDE,Neurobiology of cognitive fatigue,INCLUDE,Core topic,INCLUDE,
Westbrook2013intrinsic,article,"Westbrook A and Braver TS",2013,The intrinsic cost of cognitive control,Behavioral and Brain Sciences,10.1017/S0140525X1300109X,24304795,INCLUDE,Intrinsic cost of cognitive control,INCLUDE,Core effort cost framework,INCLUDE,
Westbrook2015neuroeconomic,article,"Westbrook A and Braver TS",2015,Cognitive effort: A neuroeconomic approach,"Cognitive, Affective, and Behavioral Neuroscience",10.3758/s13415-015-0334-y,,INCLUDE,Neuroeconomic approach to effort,INCLUDE,Core theoretical and empirical work,INCLUDE,
Kool2010decision,article,"Kool W et al.",2010,Decision making and the avoidance of cognitive demand,Journal of Experimental Psychology: General,10.1037/a0020198,,INCLUDE,Core work on effort avoidance,INCLUDE,Effort avoidance mechanisms,INCLUDE,
McLaughlin2023pupilometry,article,"McLaughlin DJ et al.",2023,Give me a break! Unavoidable fatigue effects in cognitive pupillometry,Psychophysiology,10.1111/psyp.14256,36734299,INCLUDE,Fatigue effects during sustained cognitive tasks,INCLUDE,Physiological measure of effort,INCLUDE,
vanderWel2018pupildilation,article,"van der Wel P and van Steenbergen H",2018,Pupil dilation as an index of effort in cognitive control tasks: A review,Psychonomic Bulletin and Review,10.3758/s13423-018-1432-y,29435963,INCLUDE,Effort index in cognitive control,INCLUDE,Physiological correlate of effort,INCLUDE,
Cathcart2009central,article,"Cathcart S et al.",2010,Central mechanisms of stress-induced headache,Cephalalgia,10.1111/j.1468-2982.2009.01870.x,19614706,INCLUDE,Central mechanisms during cognitive stress with healthy controls,INCLUDE,Discusses central mechanisms bridging effort and headache,INCLUDE,
detommaso2019experimentaltth,article,"Exposto FG et al.",2019,Characterization and predictive mechanisms of experimentally induced tension-type headache,Cephalalgia,10.1177/0333102419838238,30922083,EXCLUDE,Clinical headache characterization without cognitive effort focus,EXCLUDE,Clinical headache population,EXCLUDE,P1
Nash2004depression,article,"Nash JM and Thebarge RW",2006,Depression increases onset of tension-type headache following laboratory stress,Pain,10.1016/j.pain.2004.07.011,15363865,EXCLUDE,Clinical population and pre-2010,EXCLUDE,Clinical depression and headache population,EXCLUDE,P1
Bendtsen2000pericranial,article,"Bendtsen L",2000,Central sensitization in tension-type headache,Cephalalgia,10.1046/j.1468-2982.2000.00070.x,,EXCLUDE,Purely clinical TTH population pre-2010,EXCLUDE,Clinical headache only,EXCLUDE,P1
Fernandez2006tenderness,article,"Fernández-de-las-Peñas C et al.",2007,"Increased pericranial tenderness and decreased PPT in chronic TTH patients",Clinical Journal of Pain,10.1097/AJP.0b013e31803b3770,17449996,EXCLUDE,Exclusively clinical headache population,EXCLUDE,Clinical headache only,EXCLUDE,P1
